date,entry_et,exit_et,side,entry,stop,target,contracts,risk_points,r_multiple,net_pnl,exit_reason
2026-08-31,10:18,10:24,SHORT,29428.25,29480.0,29376.5,4,51.75,1.0,409.04,target
2026-09-01,10:00,10:00,SHORT,29127.88,29159.0,29096.75,8,31.12,1.0,488.08,target
2026-09-02,10:05,10:05,SHORT,29100.5,29120.0,29081.0,12,19.5,1.0,453.12,target
2026-09-07,09:59,10:00,SHORT,29620.12,29632.5,29607.75,20,12.38,-1.02,-529.8,stop
2026-09-08,09:59,10:02,LONG,29507.12,29454.25,29560.0,4,52.88,-1.005,-429.96,stop
2026-09-09,11:00,11:00,SHORT,29561.88,29594.75,29529.0,7,32.88,1.0,451.57,target
2026-09-10,10:52,11:21,SHORT,29238.62,29276.0,29201.25,6,37.38,1.0,441.06,target
2026-09-14,12:43,12:47,SHORT,29210.62,29230.75,29190.5,12,20.12,-1.012,-503.88,stop
2026-09-15,14:10,14:34,SHORT,28991.75,29015.25,28968.25,10,23.5,1.0,457.6,target
2026-09-16,10:09,10:11,SHORT,29466.75,29485.25,29448.25,13,18.5,1.0,464.88,target
2026-09-17,11:41,12:05,SHORT,29734.62,29749.0,29720.25,17,14.38,1.0,467.67,target
2026-09-21,10:44,10:44,SHORT,30515.5,30523.5,30507.5,31,8.0,1.0,457.56,target
2026-09-24,10:00,10:12,SHORT,30594.38,30623.75,30565.0,8,29.38,1.0,460.08,target
2026-09-25,12:00,12:05,SHORT,30874.88,30927.5,30822.25,4,52.62,-1.005,-427.96,stop
2026-09-28,10:02,10:05,LONG,30625.75,30582.0,30669.5,5,43.75,-1.006,-446.2,stop
